zipcode,median_income,population,households,housing_units,homeowner_vacancy_rate,rental_vacancy_rate,occupied_housing_units,latitude,longitude,median_rooms,median_rent,median_value,value_to_income,value_to_income_rank,population_rank,median_income_rank,homeowner_vacancy_rate_rank,business_rank,personal_rank
90001,38521.0,55859,13400,13820,0.7,2.2,13400,33.97365,-118.24904,4.5,1377.0,487800.0,12.66,76,161,417,228,426,730
90002,35410.0,53150,12618,13036,0.6,2.4,12618,33.94906,-118.24679,4.7,1434.0,462400.0,13.06,66,191,429,274,412,828
90003,37226.0,72764,17538,18244,1.0,2.6,17538,33.96409,-118.27368,4.6,1407.0,494600.0,13.29,61,55,421,106,431,521
90004,48754.0,58585,23453,24944,1.1,4.2,23453,34.07624,-118.31101,3.3,1680.0,1289600.0,26.45,3,137,364,74,430,572
90005,35149.0,37987,17134,18721,3.5,6.8,17134,34.05939,-118.30909,2.7,1572.0,1020300.0,29.03,2,435,430,3,864,866
90006,35411.0,58229,20205,21425,1.5,4.0,20205,34.04807,-118.29411,3.0,1346.0,781400.0,22.07,8,142,428,33,545,595
90007,25226.0,40944,13374,14971,1.1,6.0,13374,34.02819,-118.28486,3.5,1396.0,789700.0,31.31,1,377,440,74,744,890
90011,36954.0,102308,23645,24348,0.5,2.0,23645,34.00689,-118.25861,4.4,1425.0,531600.0,14.39,43,2,422,321,146,702
90016,46680.0,46512,16798,17716,1.0,4.1,16798,34.02881,-118.35436,4.1,1595.0,838500.0,17.96,17,271,377,106,559,737
90018,41768.0,50179,16602,17553,1.1,3.7,16602,34.0286,-118.31737,4.1,1486.0,850900.0,20.37,11,223,406,74,566,692
90019,52625.0,62002,23798,25266,1.1,4.0,23798,34.04861,-118.33874,3.9,1708.0,1151500.0,21.88,9,113,334,74,382,512
90020,46504.0,38694,17501,18516,1.0,4.6,17501,34.06638,-118.30986,2.8,1652.0,704900.0,15.16,35,415,380,106,724,866
90022,43366.0,64517,17482,17963,0.4,1.4,17482,34.02455,-118.15608,4.3,1322.0,574300.0,13.24,62,88,397,381,166,804
90023,41308.0,45939,12000,12395,0.5,1.8,12000,34.02264,-118.19986,4.1,1376.0,586500.0,14.2,47,282,408,321,416,964
90024,63306.0,52862,16877,19785,2.3,13.7,16877,34.06565,-118.43521,3.8,2618.0,1451200.0,22.92,7,194,247,9,439,443
90025,83655.0,45466,22626,24402,0.8,6.0,22626,34.04551,-118.44583,3.8,2418.0,1072300.0,12.82,72,290,140,182,320,540
90026,60820.0,63329,25814,27657,1.0,3.7,25814,34.07883,-118.2637,3.7,1702.0,1108500.0,18.23,16,101,271,106,282,462
90027,64091.0,44471,22523,23871,1.0,3.3,22523,34.12515,-118.29049,3.3,1840.0,1578200.0,24.62,5,313,241,106,453,655
90032,50989.0,43506,13187,13741,0.6,2.9,13187,34.0793,-118.17835,4.6,1448.0,694800.0,13.63,52,329,346,274,453,897
90033,35548.0,46081,13191,13843,0.7,2.7,13191,34.05117,-118.21165,3.8,1311.0,632200.0,17.78,18,279,426,228,495,915
90034,71295.0,57152,25781,27334,0.7,4.9,25781,34.03059,-118.39936,3.3,2124.0,1316100.0,18.46,14,150,193,228,129,557
90036,80998.0,39549,19913,21334,1.3,5.1,19913,34.07013,-118.34978,3.6,2622.0,1869500.0,23.08,6,399,148,43,510,584
90037,33856.0,63706,17303,18150,0.9,3.0,17303,34.00271,-118.28747,4.2,1374.0,598700.0,17.68,20,98,434,143,409,655
90042,59746.0,58295,21262,22283,0.9,3.3,21262,34.11475,-118.192,4.1,1756.0,850700.0,14.24,45,141,281,143,324,520
90043,47500.0,46179,16383,17193,0.8,4.1,16383,33.98876,-118.33519,4.7,1389.0,816600.0,17.19,22,278,370,182,488,808
90044,34311.0,94354,27132,28208,0.9,2.9,27132,33.95253,-118.29194,4.6,1397.0,551800.0,16.08,28,11,431,143,327,557
90045,96812.0,41035,16440,17825,0.6,9.7,16440,33.95302,-118.40028,4.6,2790.0,1277400.0,13.19,64,373,87,274,250,670
90046,67667.0,49987,29438,31889,1.7,5.6,29438,34.10752,-118.36575,3.4,2071.0,1389100.0,20.53,10,230,216,23,433,459
90047,47477.0,50154,16757,17482,0.5,4.3,16757,33.95456,-118.30899,5.1,1471.0,612200.0,12.89,69,225,371,321,344,848
90057,33861.0,45510,16481,17507,2.2,4.5,16481,34.06205,-118.27704,2.5,1369.0,625000.0,18.46,14,288,433,13,722,720
90059,41995.0,43551,10639,10968,0.6,3.0,10639,33.92709,-118.2491,4.7,1248.0,486500.0,11.58,106,328,403,274,563,899
90063,46613.0,50227,13363,13930,0.7,1.9,13363,34.0452,-118.18583,4.5,1404.0,587000.0,12.59,83,222,379,228,456,746
90065,63147.0,44328,15713,16373,1.1,2.9,15713,34.10867,-118.22813,4.4,1709.0,959500.0,15.19,34,315,251,74,526,606
90066,79088.0,55304,23743,25186,1.1,5.1,23743,34.00166,-118.43104,4.0,2082.0,1519200.0,19.21,12,168,159,74,265,389
90201,42255.0,95810,24942,25501,0.2,1.6,24942,33.97113,-118.1709,4.2,1512.0,511100.0,12.1,93,9,402,434,70,752
90220,53988.0,50412,13377,13737,0.8,2.5,13377,33.88058,-118.23591,4.9,1410.0,464900.0,8.61,244,221,322,182,605,481
90221,48762.0,52561,12343,12656,0.3,2.6,12343,33.88542,-118.20614,4.5,1488.0,482400.0,9.89,171,198,363,419,313,809
90241,69308.0,44921,14446,14953,0.5,3.8,14446,33.94076,-118.1295,4.5,1775.0,707200.0,10.2,155,304,206,321,344,676
90242,66019.0,42939,12710,13038,0.5,2.7,12710,33.92216,-118.14167,4.6,1824.0,634800.0,9.62,186,338,227,321,430,700
90247,51386.0,48543,16524,17181,0.6,3.1,16524,33.89159,-118.29735,4.3,1644.0,600100.0,11.68,101,248,342,274,417,763
90250,53303.0,97653,33592,34677,0.3,2.8,33592,33.91383,-118.34996,4.1,1643.0,758600.0,14.23,46,6,328,419,-39,707
90255,42581.0,71157,19100,19558,0.2,1.8,19100,33.97697,-118.21725,4.0,1354.0,528400.0,12.41,87,57,400,434,110,804
90262,49801.0,67099,15533,15822,0.3,1.9,15533,33.92384,-118.20133,4.5,1488.0,540500.0,10.85,133,75,355,419,144,716
90275,133156.0,42452,15822,16553,0.8,5.2,15822,33.7555,-118.36338,6.4,3290.0,1412200.0,10.61,139,345,16,182,318,404
90277,102281.0,37856,16990,18145,0.9,4.9,16990,33.83099,-118.38441,4.6,2463.0,1317500.0,12.88,70,437,69,143,433,579
90278,118000.0,42188,16376,16947,0.6,3.4,16376,33.87362,-118.37028,5.2,2406.0,1164300.0,9.87,174,352,31,274,283,483
90280,50246.0,92678,24566,25073,0.5,1.6,24566,33.94453,-118.19256,4.3,1401.0,578900.0,11.52,109,12,351,321,151,575
90501,70671.0,43990,15366,15935,0.4,3.6,15366,33.8336,-118.31419,4.4,1771.0,824600.0,11.67,102,322,196,381,239,797
90503,90102.0,45386,17484,18115,0.5,3.5,17484,33.84089,-118.3538,4.6,2210.0,991400.0,11.0,129,292,113,321,213,597
90604,70877.0,40110,12197,12563,0.9,4.0,12197,33.93012,-118.01226,5.1,1755.0,650100.0,9.17,210,390,195,143,652,518
90605,75575.0,40189,10913,11174,0.5,2.5,10913,33.95209,-118.02085,5.4,1752.0,632300.0,8.37,255,389,172,321,495,627
90620,88082.0,46564,13697,13893,0.3,1.3,13697,33.84616,-118.01176,5.7,2206.0,693200.0,7.87,283,270,126,419,260,532
90630,92073.0,49965,16373,16748,0.5,2.8,16373,33.81814,-118.03814,5.7,2313.0,822500.0,8.93,225,231,102,321,237,429
90631,79500.0,69533,22394,23058,0.7,3.2,22394,33.94266,-117.95126,5.0,1872.0,716700.0,9.02,220,66,157,228,215,231
90638,87429.0,46967,15229,15589,0.5,3.6,15229,33.90236,-118.00907,5.6,1940.0,706600.0,8.08,274,264,130,321,347,441
90640,53615.0,62678,19782,20324,0.4,2.5,19782,34.01506,-118.111,4.7,1701.0,628600.0,11.72,99,105,325,381,148,712
90650,66453.0,102891,27836,28456,0.3,2.4,27836,33.90703,-118.08249,5.0,1860.0,593100.0,8.93,225,1,222,419,29,417
90660,65617.0,62013,16951,17348,0.5,2.2,16951,33.98868,-118.09111,4.9,1702.0,596500.0,9.09,218,112,232,321,241,447
90703,98934.0,49735,16080,16430,0.4,3.6,16080,33.86797,-118.06874,6.1,2735.0,860900.0,8.7,241,235,77,381,172,452
90706,55729.0,79179,24631,25219,0.4,2.2,24631,33.88802,-118.12709,4.4,1686.0,619400.0,11.11,125,37,311,381,92,604
90723,53031.0,53770,14509,14863,0.5,2.4,14509,33.89768,-118.16508,4.3,1699.0,470800.0,8.88,230,183,331,321,423,605
90731,51161.0,61270,22927,24189,0.9,4.2,22927,33.7334,-118.27398,4.2,1606.0,751400.0,14.69,39,117,344,143,357,565
90744,47776.0,53074,14808,15142,0.3,1.9,14808,33.77821,-118.26087,4.1,1365.0,557600.0,11.67,102,193,368,419,244,878
90745,76551.0,59937,16465,16817,0.5,2.4,16465,33.82117,-118.26458,5.2,1756.0,601300.0,7.85,284,127,167,321,257,331
90802,53358.0,41686,21714,24012,1.9,7.7,21714,33.75035,-118.21143,3.2,1755.0,521800.0,9.78,180,360,327,17,850,524
90804,49860.0,39370,14895,15690,0.9,3.7,14895,33.78223,-118.14917,3.9,1710.0,630300.0,12.64,79,404,353,143,693,821
90805,49370.0,95350,27901,28746,0.5,2.8,27901,33.86494,-118.18051,4.3,1545.0,564900.0,11.44,112,10,359,321,160,578
90806,49962.0,41611,12762,13185,0.4,2.4,12762,33.80819,-118.17797,4.2,1489.0,632300.0,12.66,76,362,352,381,409,1019
90808,109918.0,39747,14389,14750,0.4,2.8,14389,33.82406,-118.11236,6.0,2204.0,854200.0,7.77,290,395,49,381,353,535
90810,58095.0,38529,10290,10606,0.9,2.5,10290,33.81912,-118.22096,4.8,1442.0,551700.0,9.5,195,420,291,143,763,659
90813,36075.0,54565,17723,18598,1.6,3.7,17723,33.78237,-118.19656,3.6,1464.0,470000.0,13.03,67,172,424,25,638,554
90815,88710.0,41837,15116,15712,0.5,5.3,15116,33.79572,-118.11592,5.4,2151.0,840300.0,9.47,199,357,123,321,358,602
91016,74076.0,41852,15842,16556,0.5,4.0,15842,34.15246,-118.00065,5.0,1949.0,820600.0,11.08,126,356,179,321,340,730
91304,68282.0,52386,17424,17963,0.5,2.9,17424,34.22472,-118.63261,4.9,1847.0,786000.0,11.51,110,203,211,321,203,625
91306,67869.0,46669,14274,14620,0.7,2.3,14274,34.20926,-118.5755,5.0,1765.0,652600.0,9.62,186,268,214,228,440,524
91311,86156.0,39014,14027,14524,0.9,4.4,14027,34.29011,-118.60776,5.7,2154.0,789500.0,9.16,212,409,132,143,610,472
91320,115102.0,44462,15501,15868,0.5,3.8,15501,34.17339,-118.94795,6.4,2651.0,884500.0,7.68,293,314,36,321,322,378
91326,112865.0,38041,13217,13557,0.6,3.4,13217,34.28022,-118.5566,6.5,2606.0,942700.0,8.35,256,432,42,274,456,492
91331,60360.0,100720,23422,23996,0.4,1.9,23422,34.25602,-118.41939,5.0,1694.0,583300.0,9.66,183,3,275,381,80,476
91335,60413.0,76650,24029,24819,0.6,3.2,24029,34.20107,-118.5407,4.6,1763.0,642700.0,10.64,138,43,274,274,181,453
91342,70106.0,96429,25917,26540,0.7,1.9,25917,34.31778,-118.39207,5.5,1862.0,605900.0,8.64,242,8,200,228,222,194
91343,62791.0,62595,18117,18545,0.2,2.3,18117,34.23837,-118.48076,4.8,1717.0,698400.0,11.12,124,106,252,434,48,668
91344,92286.0,52481,16879,17351,0.4,2.9,16879,34.28991,-118.5047,5.7,2101.0,809800.0,8.77,237,199,101,381,156,444
91350,112664.0,41514,13474,13701,0.7,2.0,13474,34.43028,-118.50283,6.2,2339.0,684300.0,6.07,401,363,43,228,579,233
91352,55177.0,47274,12629,12994,0.5,2.2,12629,34.23183,-118.36596,4.8,1720.0,657700.0,11.92,96,260,315,321,350,800
91360,95852.0,43046,15089,15659,0.8,5.0,15089,34.21475,-118.87735,6.1,2315.0,845700.0,8.82,233,336,90,182,477,375
91367,87699.0,46498,19785,21106,1.0,7.6,19785,34.17708,-118.61518,4.5,2591.0,912900.0,10.41,147,272,128,106,441,359
91387,90433.0,45749,14777,15188,0.7,3.6,14777,34.39708,-118.3707,5.5,2351.0,665800.0,7.36,319,285,110,228,486,304
91401,54058.0,39621,14872,15437,0.8,2.9,14872,34.17801,-118.43183,4.1,1731.0,911700.0,16.87,23,396,321,182,558,876
91402,42857.0,70140,19344,19799,0.4,1.8,19344,34.22413,-118.4448,4.1,1525.0,563700.0,13.15,65,60,398,381,142,774
91405,43548.0,55319,18644,19331,0.6,2.9,18644,34.20153,-118.44863,3.8,1649.0,648600.0,14.89,37,167,396,274,326,800
91406,55542.0,53252,18165,18944,0.5,4.2,18165,34.19791,-118.48987,4.1,1764.0,701900.0,12.64,79,189,313,321,260,744
91601,52607.0,39429,18280,19476,0.9,5.4,18280,34.16827,-118.37222,3.2,1967.0,876100.0,16.65,25,403,336,143,621,857
91605,47000.0,54341,16275,16846,0.9,3.0,16275,34.20699,-118.40067,4.2,1661.0,682200.0,14.51,40,176,373,143,446,652
91606,46397.0,43955,15491,16006,0.5,2.4,15491,34.18655,-118.38867,3.8,1673.0,763600.0,16.46,26,323,381,321,409,999
91701,94591.0,38778,13250,13510,0.4,3.1,13250,34.13784,-117.60028,6.3,2118.0,664100.0,7.02,343,413,94,381,469,545
91702,62514.0,62328,17500,18127,0.5,3.7,17500,34.24129,-117.82614,5.0,1798.0,569000.0,9.1,217,110,256,321,262,470
91706,62161.0,73313,18222,18553,0.4,1.5,18222,34.09627,-117.96855,4.9,1755.0,555200.0,8.93,225,52,259,381,155,467
91709,104590.0,78530,25294,26104,0.7,4.7,25294,33.95105,-117.72549,6.2,2575.0,775900.0,7.42,313,38,63,228,186,16
91710,79592.0,82576,23883,24537,0.6,3.4,23883,34.00507,-117.68249,5.7,1819.0,603800.0,7.59,301,25,156,274,208,154
91711,97593.0,38122,12320,13049,1.1,5.2,12320,34.12836,-117.71523,5.9,1983.0,839400.0,8.6,245,429,80,74,680,338
91730,69034.0,68883,24723,25678,0.8,4.3,24723,34.10023,-117.5811,4.9,2137.0,558600.0,8.09,273,68,209,182,368,186
91732,51899.0,60137,15512,15939,0.8,2.0,15512,34.07239,-118.01455,4.6,1672.0,604300.0,11.64,104,126,340,182,388,544
91733,45519.0,41990,10614,10872,0.6,1.6,10614,34.0454,-118.05314,4.4,1600.0,576400.0,12.66,76,354,388,274,544,940
91739,105221.0,42411,12093,12481,0.9,4.2,12093,34.1622,-117.51558,6.5,2303.0,798600.0,7.59,301,346,60,143,564,248
91744,66278.0,81817,19467,19853,0.5,1.7,19467,34.02914,-117.93735,5.6,1807.0,556300.0,8.39,254,28,223,321,184,318
91745,84224.0,54280,16582,17090,0.5,4.2,16582,33.99926,-117.97225,6.0,2084.0,742500.0,8.82,233,177,138,321,227,403
91748,71000.0,44737,13710,14247,0.8,4.6,13710,33.9769,-117.89924,5.4,1861.0,730300.0,10.29,151,306,194,182,469,531
91752,79181.0,38610,10766,11176,1.4,3.1,10766,33.99575,-117.53399,5.9,1944.0,583400.0,7.37,318,418,158,39,855,297
91761,71727.0,60306,17456,17933,0.6,3.4,17456,34.03541,-117.5915,5.5,1820.0,543400.0,7.58,303,124,189,274,342,284
91762,56881.0,62524,18529,19096,1.1,2.6,18529,34.02764,-117.64308,5.0,1665.0,512800.0,9.02,220,108,302,74,556,264
91763,58094.0,37631,10492,10751,0.6,2.5,10492,34.07208,-117.69828,5.3,1711.0,484900.0,8.35,256,440,292,274,714,750
91764,56168.0,55322,16083,16956,0.4,7.2,16083,34.07533,-117.60164,4.7,1979.0,475300.0,8.46,250,166,305,381,340,602
91765,97968.0,46449,15404,15971,0.6,4.4,15404,33.98725,-117.81473,6.2,2310.0,839700.0,8.57,247,273,78,274,324,378
91766,55785.0,70701,18952,19535,0.6,3.1,18952,34.04192,-117.75698,5.0,1654.0,517500.0,9.28,206,58,310,274,300,436
91767,57521.0,51654,15407,15815,0.6,2.7,15407,34.08143,-117.73868,5.0,1651.0,547900.0,9.53,193,206,295,274,420,582
91770,53506.0,59360,16901,17412,0.2,2.1,16901,34.06395,-118.08361,4.7,1674.0,673800.0,12.59,83,131,326,434,106,808
91776,54131.0,38031,12127,12674,0.9,3.3,12127,34.08987,-118.09519,4.5,1742.0,777500.0,14.36,44,434,320,143,655,853
91786,58649.0,55763,19754,20352,0.8,2.8,19754,34.10525,-117.66206,4.7,1798.0,573100.0,9.77,181,163,288,182,450,452
91789,99398.0,41235,13047,13515,0.9,3.5,13047,34.01858,-117.85408,6.5,2690.0,910400.0,9.16,212,370,75,143,514,376
91790,79926.0,46364,13632,14190,0.5,6.3,13632,34.06722,-117.93788,5.3,2113.0,653400.0,8.18,270,275,153,321,377,479
91801,55832.0,53669,20176,21182,1.1,3.3,20176,34.09093,-118.12776,4.2,1810.0,761100.0,13.63,52,185,309,74,472,516
91910,61922.0,79613,26646,27755,0.5,4.6,26646,32.63653,-117.06301,4.5,1830.0,621200.0,10.03,163,33,261,321,136,452
91911,58598.0,85442,25391,26014,0.5,2.3,25391,32.60686,-117.04984,4.4,1875.0,574200.0,9.8,179,19,289,321,166,450
91913,96617.0,55923,16368,16778,0.9,2.8,16368,32.62174,-116.98609,5.7,2786.0,675600.0,6.99,345,160,89,143,451,47
91942,61628.0,40813,17250,18021,0.8,4.4,17250,32.77728,-117.02129,4.3,1809.0,645500.0,10.47,144,380,266,182,608,684
91950,45712.0,57849,17280,18097,0.5,2.8,17280,32.66952,-117.09313,4.0,1486.0,504300.0,11.03,128,144,387,321,338,724
91977,64173.0,60795,18936,19447,0.7,2.8,18936,32.72387,-116.99631,5.3,1813.0,589400.0,9.18,209,119,239,228,339,377
92009,126348.0,44816,16684,17376,1.1,4.1,16684,33.09535,-117.24574,6.4,2825.0,1158900.0,9.17,210,305,21,74,462,190
92019,82261.0,45108,15549,16028,0.8,3.2,15549,32.77886,-116.87142,5.6,1977.0,675400.0,8.21,267,299,143,182,527,357
92020,55666.0,60454,20564,21286,0.8,2.8,20564,32.79557,-116.9697,4.3,1695.0,676200.0,12.15,92,123,312,182,345,525
92021,56863.0,70584,23634,24414,1.0,3.3,23634,32.83514,-116.87462,4.8,1721.0,545600.0,9.59,188,59,303,106,444,280
92024,114131.0,51190,19915,21523,0.6,5.7,19915,33.05716,-117.25651,5.6,2471.0,1299800.0,11.39,113,213,38,274,90,412
92025,60042.0,51586,16096,16776,0.7,4.4,16096,33.08492,-117.02967,4.8,1700.0,705700.0,11.75,98,209,277,228,356,616
92026,71597.0,52797,18207,19237,2.3,4.4,18207,33.2111,-117.11157,5.3,1943.0,632600.0,8.84,231,195,190,9,607,163
92027,63904.0,56840,17095,17474,0.5,2.7,17095,33.13263,-116.98335,5.2,1844.0,609400.0,9.54,192,152,244,321,267,525
92028,69620.0,51614,17519,18426,1.0,4.2,17519,33.38613,-117.22658,5.7,1637.0,710800.0,10.21,154,208,204,106,460,364
92037,105904.0,41260,17104,20098,1.5,6.5,17104,32.85257,-117.25104,5.2,2327.0,1839900.0,17.37,21,368,57,33,413,437
92040,74918.0,43640,15404,15936,1.0,2.7,15404,32.90665,-116.88875,5.3,1779.0,613500.0,8.19,269,325,175,106,663,337
92054,60017.0,38667,15635,18114,1.2,6.7,15635,33.19377,-117.35508,4.3,1784.0,753400.0,12.55,86,417,278,59,722,668
92056,77751.0,53750,20074,20810,0.7,4.1,20074,33.20197,-117.28939,5.4,2301.0,646800.0,8.32,258,184,163,228,377,317
92057,72633.0,57844,19147,19909,1.1,3.8,19147,33.25326,-117.28704,5.7,2381.0,624600.0,8.6,245,145,186,74,502,160
92058,46010.0,45389,13103,14766,1.2,12.2,13103,33.28379,-117.34182,5.4,2471.0,571200.0,12.41,87,291,384,59,703,647
92064,105788.0,48884,16412,16903,0.4,3.6,16412,32.98038,-117.01746,6.2,2165.0,911900.0,8.62,243,242,58,381,162,438
92069,69625.0,49407,15483,16000,0.5,4.4,15483,33.17536,-117.15761,5.2,1987.0,659900.0,9.48,197,236,203,321,315,563
92071,83712.0,60163,21277,21885,0.8,3.7,21277,32.85045,-116.99479,5.5,1982.0,603100.0,7.2,331,125,139,182,413,115
92078,79673.0,52347,17975,18845,0.9,4.9,17975,33.11834,-117.18554,5.5,2274.0,787600.0,9.89,171,204,155,143,387,331
92083,63262.0,39219,11820,12139,0.7,2.6,11820,33.19808,-117.24844,4.6,1929.0,564500.0,8.92,228,407,248,228,655,655
92084,66099.0,49941,15340,15971,1.0,3.7,15340,33.22454,-117.20334,4.9,1845.0,689500.0,10.43,146,233,226,106,499,419
92101,66202.0,47505,27414,32513,2.7,10.4,27414,32.7162,-117.18589,2.7,2222.0,751800.0,11.36,114,257,225,6,590,374
92102,47467.0,39783,13985,14846,1.5,3.8,13985,32.71595,-117.11749,4.0,1783.0,548700.0,11.56,107,394,372,33,840,692
92104,64157.0,44265,21819,23261,1.0,4.2,21819,32.74191,-117.12781,3.8,1805.0,776100.0,12.1,93,317,240,106,544,570
92105,40947.0,66579,21223,22080,1.0,3.0,21223,32.73756,-117.09193,4.2,1549.0,560800.0,13.7,51,78,411,106,434,544
92109,77774.0,44671,22031,25919,1.3,6.1,22031,32.78699,-117.23273,4.0,2198.0,1082700.0,13.92,48,309,162,43,476,466
92111,69442.0,46686,16971,17524,0.5,2.4,16971,32.8065,-117.16897,4.9,1973.0,681200.0,9.81,178,267,205,321,329,615
92113,36787.0,50457,13215,13786,0.5,2.8,13215,32.69591,-117.12012,4.2,1532.0,491600.0,13.36,58,220,423,321,380,906
92114,64390.0,66248,17953,18347,0.5,2.7,17953,32.70778,-117.05529,5.6,1728.0,564200.0,8.76,238,83,238,321,238,404
92115,48442.0,64251,21928,22976,0.4,3.3,21928,32.76154,-117.07187,4.3,1779.0,668000.0,13.79,50,94,365,381,128,790
92117,77621.0,51505,20500,21244,0.3,3.6,20500,32.82493,-117.19972,5.0,2026.0,836800.0,10.78,135,211,164,419,91,659
92122,80232.0,45646,20430,22330,0.7,8.7,20430,32.85681,-117.21017,3.9,2461.0,894700.0,11.15,122,287,151,228,332,544
92126,93994.0,74788,25195,25741,0.4,2.4,25195,32.912,-117.14344,5.0,2460.0,715900.0,7.62,297,46,95,381,57,225
92127,134769.0,52274,16830,17353,1.0,3.1,16830,33.01913,-117.12339,6.0,2442.0,1096000.0,8.13,271,205,15,106,385,55
92128,97952.0,49083,20220,20982,0.7,4.5,20220,32.99687,-117.07308,5.0,2620.0,788200.0,8.05,275,240,79,228,366,272
92129,121357.0,52415,17539,17828,0.4,2.5,17539,32.96354,-117.12622,6.2,2555.0,932400.0,7.68,293,202,28,381,142,318
92130,149344.0,61595,21676,23045,0.6,8.5,21676,32.94763,-117.20586,5.8,3090.0,1438500.0,9.63,185,115,9,274,35,213
92154,64942.0,84027,22455,23036,0.7,3.0,22455,32.578,-116.96621,5.5,1986.0,578700.0,8.91,229,22,234,228,257,255
92201,42757.0,66989,20900,24548,1.4,4.7,20900,33.70804,-116.23502,4.9,1304.0,321000.0,7.51,307,76,399,39,743,207
92223,73588.0,59924,19588,20246,1.2,2.9,19588,33.9382,-116.98137,6.0,1413.0,423100.0,5.75,412,129,182,59,664,-42
92231,40759.0,39542,10589,10945,0.6,2.2,10589,32.68751,-115.56433,5.2,1086.0,263200.0,6.46,375,400,413,274,914,712
92234,46367.0,51509,18174,22663,1.7,5.8,18174,33.81386,-116.46663,4.8,1445.0,381800.0,8.23,264,210,382,23,833,351
92236,34222.0,42220,9882,10162,0.6,1.7,9882,33.70276,-116.07254,5.2,982.0,301900.0,8.82,233,351,432,274,742,824
92240,36067.0,40920,13339,14903,2.3,5.3,13339,33.95291,-116.5194,4.8,1277.0,272600.0,7.56,305,378,425,9,1099,507
92243,46648.0,49149,15589,16709,1.1,4.6,15589,32.77285,-115.60065,4.7,936.0,260400.0,5.58,418,238,378,74,960,272
92301,38591.0,38912,9456,9917,1.3,4.5,9456,34.65183,-117.52617,5.8,1309.0,276100.0,7.15,337,412,416,43,1122,534
92307,58819.0,41649,13706,14542,2.2,4.4,13706,34.59078,-117.14127,6.2,1297.0,356600.0,6.06,402,361,286,13,1036,258
92308,49098.0,42469,15238,16228,1.9,4.9,15238,34.42005,-117.15558,5.9,1315.0,333500.0,6.79,357,343,360,17,1043,363
92324,51105.0,58626,17358,18024,0.7,4.6,17358,34.03398,-117.29008,4.8,1460.0,376200.0,7.36,319,136,345,228,572,390
92335,50730.0,96605,24647,25195,0.4,2.0,24647,34.08733,-117.46519,4.7,1533.0,406600.0,8.01,278,7,350,381,254,460
92336,90172.0,100594,26109,26596,0.8,3.0,26109,34.13686,-117.46033,6.2,1968.0,574800.0,6.37,380,4,112,182,314,-82
92345,50836.0,86499,25873,26990,1.1,4.5,25873,34.36415,-117.30984,5.9,1376.0,330400.0,6.5,374,17,347,74,664,64
92346,61823.0,57812,17992,18563,1.0,3.8,17992,34.12629,-117.1792,5.7,1437.0,430400.0,6.96,347,146,262,106,649,167
92374,71297.0,43587,14260,15112,1.2,7.4,14260,34.06738,-117.17482,5.4,1816.0,471700.0,6.62,368,326,192,59,827,209
92376,52618.0,84548,21997,22592,0.5,3.7,21997,34.11053,-117.37997,5.2,1508.0,388100.0,7.38,315,20,335,321,349,361
92392,57885.0,62294,17196,18240,2.5,5.1,17196,34.479,-117.40884,6.2,1707.0,328200.0,5.67,414,111,293,7,811,-3
92394,53636.0,41057,9882,10289,1.8,3.8,9882,34.563,-117.3542,6.3,1441.0,308600.0,5.75,412,372,324,21,1087,305
92395,47921.0,47556,15342,16647,3.3,6.7,15342,34.50032,-117.29479,5.5,1375.0,291200.0,6.08,400,255,366,4,1017,225
92399,63984.0,55794,19868,20605,0.9,4.3,19868,34.04469,-117.004,5.6,1463.0,435400.0,6.8,356,162,242,143,617,191
92404,44474.0,64270,18573,19335,1.1,4.1,18573,34.17862,-117.23891,4.9,1272.0,347300.0,7.81,287,92,391,74,696,270
92407,63171.0,67814,18491,19311,0.8,5.6,18491,34.22394,-117.38839,5.4,1608.0,440600.0,6.97,346,73,250,182,487,159
92410,30072.0,51651,13986,14477,0.7,3.3,13986,34.10655,-117.29574,4.4,1176.0,233700.0,7.77,290,207,438,228,707,583
92503,66579.0,90011,25426,26153,0.9,3.4,25426,33.88308,-117.45222,5.6,1701.0,489200.0,7.35,321,14,221,143,413,57
92504,62699.0,54642,16628,17290,0.7,4.5,16628,33.90607,-117.39854,5.4,1640.0,457800.0,7.3,327,171,253,228,523,325
92505,64505.0,50919,14968,15474,0.7,3.9,14968,33.92663,-117.4928,5.2,1856.0,463500.0,7.19,333,216,237,228,558,348
92506,91216.0,45185,15768,16257,0.8,3.5,15768,33.93478,-117.36689,6.4,1777.0,605800.0,6.64,365,296,106,182,585,219
92507,48872.0,63191,19714,21040,0.8,6.5,19714,33.97464,-117.32234,4.2,1625.0,472300.0,9.66,183,102,362,182,465,463
92509,66232.0,78166,20383,20921,0.6,2.2,20383,34.00293,-117.44547,5.7,1661.0,453500.0,6.85,354,40,224,274,344,184
92530,55399.0,59098,17797,18588,1.1,3.9,17797,33.63386,-117.37949,5.4,1642.0,439500.0,7.93,280,132,314,74,652,240
92543,33197.0,39323,14245,15235,2.4,6.0,14245,33.69867,-116.97916,4.5,1228.0,199100.0,6.0,407,405,435,8,1239,441
92544,49793.0,50007,16130,17149,1.6,4.8,16130,33.64581,-116.86033,5.4,1436.0,316700.0,6.36,382,228,356,25,941,227
92545,46910.0,44072,16644,18174,2.2,10.7,16644,33.7311,-117.0359,5.2,1761.0,313900.0,6.69,361,320,374,13,1042,346
92553,50741.0,76761,20257,20729,0.7,2.7,20257,33.92335,-117.24532,5.1,1759.0,371600.0,7.32,325,42,349,228,488,294
92555,84612.0,43580,11553,11879,0.9,4.1,11553,33.9133,-117.10867,6.4,2251.0,474500.0,5.61,416,327,135,143,735,189
92557,70234.0,54549,15618,16163,0.9,5.9,15618,33.96855,-117.25704,5.9,1878.0,435600.0,6.2,392,173,198,143,620,122
92562,89002.0,64270,21564,22505,1.3,5.0,21564,33.53579,-117.35098,6.5,2148.0,586500.0,6.59,370,92,119,43,538,-116
92563,90906.0,73224,21850,22494,1.0,3.0,21850,33.58435,-117.14458,6.9,2264.0,584300.0,6.43,378,53,109,106,434,-110
92570,52325.0,59015,14863,15541,0.9,2.8,14863,33.78377,-117.31737,4.9,1354.0,376300.0,7.19,333,133,337,143,660,280
92571,61780.0,59450,14092,14377,0.5,2.7,14092,33.84182,-117.19522,5.7,1830.0,382500.0,6.19,393,130,264,321,466,322
92584,88201.0,55517,16767,17753,2.1,9.5,16767,33.66167,-117.18079,6.4,2251.0,494300.0,5.6,417,164,125,16,690,-112
92591,83189.0,42021,14225,14892,0.8,6.5,14225,33.53432,-117.1092,6.1,2137.0,610600.0,7.34,323,353,142,182,636,354
92592,101676.0,79740,25092,26075,1.0,4.3,25092,33.511,-117.0242,6.9,2435.0,625800.0,6.15,395,32,74,106,395,-183
92618,101822.0,57488,22152,25150,7.4,8.7,22152,33.66729,-117.73362,4.3,2841.0,1103600.0,10.84,134,147,72,2,351,87
92620,110483.0,64424,22212,23430,0.9,5.8,22212,33.70661,-117.75695,5.2,3024.0,1142700.0,10.34,148,90,46,143,141,131
92626,84968.0,50885,19763,20657,0.6,5.1,19763,33.67896,-117.90844,4.6,2388.0,962000.0,11.32,115,217,133,274,191,509
92627,71776.0,61764,22702,23684,1.1,3.3,22702,33.64786,-117.9205,4.4,2174.0,958000.0,13.35,60,114,188,74,288,316
92630,92552.0,66359,22905,23447,0.6,3.6,22905,33.64709,-117.68428,5.6,2451.0,828400.0,8.95,223,82,98,274,129,231
92646,96915.0,56788,21730,22344,0.5,3.6,21730,33.66525,-117.96755,6.0,2406.0,951600.0,9.82,177,153,86,321,95,383
92647,80218.0,60455,21962,22746,0.7,3.9,21962,33.72395,-118.00685,4.7,2336.0,903300.0,11.26,120,122,152,228,166,382
92648,93413.0,46691,20357,21731,0.6,3.6,20357,33.68212,-118.0101,4.8,2232.0,1147000.0,12.28,90,265,97,274,178,546
92656,108288.0,53473,20327,20943,0.5,3.9,20327,33.57518,-117.73036,4.8,2615.0,804000.0,7.42,313,187,52,321,231,247
92672,81347.0,41067,15757,17810,1.0,7.2,15757,33.3825,-117.5403,5.0,2291.0,1174200.0,14.43,42,371,145,106,452,580
92677,103322.0,64355,25425,27281,0.8,11.9,25425,33.52777,-117.70523,5.8,2736.0,1052800.0,10.19,156,91,67,182,132,184
92683,61813.0,90946,27033,27916,0.5,3.3,27033,33.75242,-117.99383,5.0,1978.0,777100.0,12.57,85,13,263,321,40,512
92688,108876.0,44688,16073,16471,0.4,4.2,16073,33.61737,-117.61131,5.3,2446.0,819000.0,7.52,306,308,51,381,284,434
92691,113280.0,47918,16633,17035,0.3,4.8,16633,33.61051,-117.66627,6.1,2463.0,867600.0,7.66,295,253,40,419,169,417
92692,114167.0,46434,17725,18249,0.6,5.6,17725,33.60948,-117.64396,6.1,2684.0,903000.0,7.91,282,274,37,274,319,303
92701,46728.0,48789,12574,13020,0.7,2.4,12574,33.7486,-117.85877,3.8,1607.0,579400.0,12.4,89,244,376,228,481,759
92703,57186.0,65621,13939,14365,0.2,3.7,13939,33.74853,-117.90621,4.5,1858.0,572100.0,10.0,164,84,300,434,114,654
92704,65645.0,82841,20260,20730,0.5,2.8,20260,33.72038,-117.90807,4.7,2001.0,600900.0,9.15,214,24,231,321,148,362
92705,101711.0,45902,14912,15774,0.7,8.3,14912,33.755,-117.81488,5.9,2164.0,1074600.0,10.57,140,283,73,228,268,444
92707,73648.0,56456,13483,13867,0.1,4.2,13483,33.70991,-117.87045,4.8,2040.0,606100.0,8.23,264,155,181,440,160,512
92708,84509.0,57192,19182,19589,0.4,2.9,19182,33.71046,-117.95132,6.1,2412.0,932800.0,11.04,127,148,136,381,30,538
92780,70536.0,56034,18232,18844,0.9,2.9,18232,33.73685,-117.81968,4.6,2070.0,798100.0,11.31,118,158,197,143,330,380
92801,60554.0,63163,18509,19132,0.6,3.5,18509,33.84441,-117.95175,4.2,1881.0,598700.0,9.89,171,103,272,274,272,478
92802,58944.0,41914,11751,12289,0.6,3.9,11751,33.80831,-117.9237,4.4,1905.0,664600.0,11.28,119,355,285,274,485,795
92804,61611.0,86127,25230,26017,0.8,2.9,25230,33.81801,-117.97517,4.5,1888.0,661400.0,10.74,137,18,267,182,240,330
92805,63691.0,74633,21096,22927,0.7,8.1,21096,33.83003,-117.90568,4.0,1900.0,640600.0,10.06,161,48,245,228,226,360
92806,68272.0,40649,13102,13666,0.7,5.3,13102,33.83884,-117.87054,4.3,2112.0,749500.0,10.98,130,383,212,228,497,693
92821,89970.0,41335,14995,15718,0.5,4.2,14995,33.92997,-117.86986,5.3,2190.0,812600.0,9.03,219,367,114,321,379,583
92831,65948.0,38953,13538,14257,0.4,5.6,13538,33.8795,-117.89607,4.4,1976.0,746800.0,11.32,115,411,228,381,373,905
92833,74578.0,52598,16576,16968,0.5,2.6,16576,33.88051,-117.96112,5.2,1985.0,757000.0,10.15,158,197,177,321,211,537
92840,68233.0,54365,15283,15753,0.6,3.3,15283,33.78584,-117.93202,4.9,1862.0,678700.0,9.95,168,175,213,274,282,494
92843,60232.0,45480,11289,11499,0.4,2.0,11289,33.76399,-117.93153,4.8,1800.0,630100.0,10.46,145,289,276,381,329,801
92867,90233.0,44927,13635,14045,0.6,3.2,13635,33.81443,-117.79617,6.1,2081.0,899100.0,9.96,167,303,111,274,307,521
92870,89360.0,52749,17212,17669,0.3,3.9,17212,33.88087,-117.85522,5.7,2170.0,835300.0,9.35,204,196,116,419,97,527
92879,66638.0,47243,13931,14526,1.0,5.3,13931,33.87979,-117.5357,5.3,1909.0,546900.0,8.21,267,261,219,106,641,319
92880,105087.0,75365,20109,20526,0.6,2.5,20109,33.92096,-117.61052,7.2,2563.0,668700.0,6.36,382,44,61,274,213,-3
92882,75804.0,67894,20355,20809,0.5,2.9,20355,33.86367,-117.59989,5.9,1945.0,623500.0,8.23,264,72,170,321,185,299
92886,123737.0,50001,16754,17254,0.8,4.0,16754,33.89517,-117.80154,6.5,2906.0,968400.0,7.83,285,229,26,182,358,152
93003,77185.0,50558,19482,20324,0.7,4.1,19482,34.28434,-119.22256,5.2,2003.0,704200.0,9.12,215,219,165,228,371,397
93010,92045.0,46223,17004,17726,0.6,5.1,17004,34.23007,-119.07437,6.0,2299.0,747700.0,8.12,272,277,103,274,378,382
93021,104483.0,38103,12135,12372,0.4,3.0,12135,34.30417,-118.88274,6.6,2453.0,805600.0,7.71,292,430,64,381,405,583
93030,68543.0,59011,15542,15903,0.6,2.4,15542,34.2051,-119.1753,5.0,1778.0,604600.0,8.82,233,134,210,274,303,385
93033,61698.0,79539,17357,17729,0.3,2.1,17357,34.15401,-119.12296,5.2,1796.0,519600.0,8.42,252,35,265,419,133,467
93036,70173.0,48656,14400,15095,0.8,4.5,14400,34.24911,-119.15977,5.2,2117.0,615000.0,8.76,238,247,199,182,502,390
93063,89341.0,55076,19442,19827,0.3,2.4,19442,34.30922,-118.69041,6.0,2297.0,697100.0,7.8,288,170,118,419,157,419
93065,98946.0,73943,24591,25149,0.4,4.0,24591,34.26206,-118.77151,6.0,2490.0,710200.0,7.18,336,51,76,381,82,172
93117,62547.0,53430,16967,17878,0.9,2.8,16967,34.49102,-120.08201,4.3,1936.0,932400.0,14.91,36,188,254,143,335,549
93215,41877.0,53626,11708,12196,0.7,3.5,11708,35.7764,-119.18835,5.1,1053.0,248400.0,5.93,410,186,404,228,772,408
93230,59904.0,68412,22493,23439,1.0,3.4,22493,36.28967,-119.62514,5.4,1181.0,294300.0,4.91,431,69,280,106,674,24
93245,57314.0,38045,12454,13174,1.2,5.1,12454,36.28614,-119.83405,5.3,1468.0,305300.0,5.33,425,431,297,59,1094,362
93257,41048.0,79569,22848,23949,0.9,3.4,22848,35.98708,-118.89493,5.1,1057.0,250100.0,6.09,398,34,410,143,699,189
93274,52096.0,78493,23211,24164,0.9,4.3,23211,36.17978,-119.37949,5.4,1239.0,286500.0,5.5,420,39,339,143,655,101
93277,57596.0,53196,18728,19613,1.2,4.7,18728,36.29963,-119.38139,5.5,1307.0,293300.0,5.09,429,190,294,59,854,114
93291,57223.0,63366,18996,19712,0.9,3.6,18996,36.38931,-119.36838,5.3,1196.0,366800.0,6.41,379,100,299,143,635,163
93292,54832.0,43316,14218,14802,1.1,3.1,14218,36.3763,-119.22183,5.5,1379.0,295800.0,5.39,424,332,316,74,998,298
93304,38102.0,50837,15856,16630,1.3,4.0,15856,35.33938,-119.02368,4.6,1117.0,209500.0,5.5,420,218,420,43,1015,261
93305,31454.0,38392,11253,11795,1.0,3.4,11253,35.38989,-118.98515,4.1,1034.0,215700.0,6.86,351,423,436,106,1104,614
93306,53254.0,74623,22985,23905,1.3,3.9,22985,35.46595,-118.78445,5.3,1190.0,265600.0,4.99,430,49,329,43,765,-9
93307,38891.0,88338,23523,24590,1.1,3.6,23523,35.2487,-118.93253,4.5,1111.0,220400.0,5.67,414,15,415,74,770,90
93308,43659.0,56037,19871,20935,1.1,4.9,19871,35.5498,-118.93389,4.8,1180.0,284400.0,6.51,373,157,394,74,850,252
93309,50742.0,61079,22410,23363,1.0,3.9,22410,35.34266,-119.06461,5.0,1206.0,268800.0,5.3,426,118,348,106,786,146
93311,95293.0,52466,17029,17620,1.4,3.7,17029,35.15378,-119.16567,5.9,1730.0,385200.0,4.04,435,200,92,39,688,-104
93312,97311.0,58714,19240,19677,0.6,3.9,19240,35.39186,-119.11954,6.2,1855.0,382800.0,3.93,436,135,81,274,378,54
93313,72946.0,58322,15980,16516,1.1,4.7,15980,35.16363,-119.04715,5.8,1759.0,320200.0,4.39,434,140,185,74,685,-35
93436,59375.0,56730,18546,19311,0.6,3.3,18546,34.60888,-120.4002,5.1,1458.0,438200.0,7.38,315,154,284,274,479,397
93446,65694.0,45979,17309,19453,1.2,4.2,17309,35.65861,-120.71888,5.4,1679.0,621300.0,9.46,201,280,230,59,652,368
93454,62015.0,40994,11980,12625,0.6,2.9,11980,34.94834,-120.23425,5.1,1661.0,434300.0,7.0,344,374,260,274,704,564
93455,84404.0,45282,15859,16363,0.9,3.0,15859,34.84195,-120.45522,5.9,2165.0,529600.0,6.27,389,294,137,143,677,185
93458,53890.0,59927,13890,14272,0.8,2.0,13890,34.95477,-120.49042,4.8,1735.0,421800.0,7.83,285,128,323,182,554,348
93534,39906.0,43906,15705,16539,1.6,4.6,15705,34.71759,-118.15079,4.6,1421.0,298200.0,7.47,309,324,414,25,1022,454
93535,43929.0,82149,23422,24198,1.2,2.8,23422,34.69908,-117.89613,6.1,1473.0,300000.0,6.83,355,27,393,59,716,124
93536,75380.0,74283,23431,24269,1.1,3.2,23431,34.75267,-118.3889,6.4,1813.0,450800.0,5.98,408,50,173,74,557,-111
93550,41675.0,82379,23827,24636,1.0,3.4,23827,34.38305,-118.04926,5.4,1457.0,345200.0,8.28,261,26,407,106,588,278
93551,92500.0,56001,17519,18083,0.9,3.3,17519,34.59404,-118.22634,6.9,2101.0,488600.0,5.28,427,159,99,143,542,-26
93552,63261.0,42468,10818,11039,0.8,2.2,10818,34.58412,-118.02386,6.7,1797.0,383300.0,6.06,402,344,249,182,813,373
93611,87379.0,47041,16114,16640,0.7,5.9,16114,36.82552,-119.68115,6.2,1982.0,426100.0,4.88,432,263,131,228,598,190
93619,118010.0,50032,16239,16989,1.3,5.8,16239,36.91656,-119.57372,6.6,2253.0,526100.0,4.46,433,227,30,43,647,-133
93635,52664.0,48510,13576,14242,1.3,2.9,13576,37.016,-120.88294,5.3,1419.0,394600.0,7.49,308,249,333,43,847,317
93637,52207.0,40202,11854,12375,1.0,3.1,11854,36.91099,-120.1922,5.6,1258.0,337500.0,6.46,375,387,338,106,994,456
93638,41129.0,51106,12461,12877,0.8,2.0,12461,37.0424,-120.03816,5.3,1126.0,277800.0,6.75,359,214,409,182,800,446
93702,26580.0,45741,12310,12796,1.5,2.2,12310,36.73942,-119.75422,4.6,1044.0,182300.0,6.86,351,286,439,33,1043,407
93705,38105.0,38125,12560,13108,1.3,3.9,12560,36.78667,-119.82851,4.7,1160.0,255600.0,6.71,360,428,419,43,1164,530
93706,30433.0,40965,11219,11893,1.0,3.4,11219,36.65344,-119.90216,4.8,1035.0,217300.0,7.14,338,375,437,106,1044,580
93711,71825.0,37901,15940,16728,1.3,5.3,15940,36.83508,-119.83309,5.7,1473.0,450900.0,6.28,388,436,187,43,968,278
93720,84614.0,47814,18598,19596,0.6,7.5,18598,36.8606,-119.76228,5.4,1889.0,434000.0,5.13,428,254,134,274,542,234
93722,56028.0,87364,26613,27675,0.7,3.9,26613,36.80003,-119.87791,5.3,1437.0,322900.0,5.76,411,16,307,228,506,140
93726,38435.0,42366,14541,15337,1.6,4.3,14541,36.79374,-119.76161,4.8,1177.0,253800.0,6.6,369,347,418,25,1109,421
93727,54491.0,83212,24443,25396,0.8,4.1,24443,36.75119,-119.69736,5.3,1202.0,341800.0,6.27,389,23,318,182,548,134
93905,49659.0,64209,13972,14185,0.4,0.9,13972,36.6849,-121.60562,4.6,1698.0,513300.0,10.34,148,95,357,381,219,685
93906,65203.0,66381,17707,18160,0.4,2.5,17707,36.72258,-121.63218,5.0,1981.0,568500.0,8.72,240,81,233,381,173,455
94010,144281.0,44045,16587,17555,0.8,4.1,16587,37.57306,-122.37828,5.8,2593.0,,,0,321,12,182,151,515
94014,88942.0,48677,14395,14949,0.8,2.8,14395,37.6907,-122.44769,4.5,2083.0,992300.0,11.16,121,245,120,182,304,426
94015,90972.0,63489,19809,20983,0.4,8.1,19809,37.68121,-122.48074,4.9,2753.0,1116900.0,12.28,90,99,107,381,-85,497
94025,151279.0,42354,15759,17076,1.0,6.2,15759,37.45087,-122.1829,5.2,2925.0,,,0,349,8,106,251,463
94044,115602.0,38675,14197,14670,0.4,3.2,14197,37.60544,-122.47993,5.5,2935.0,1188000.0,10.28,152,416,34,381,221,679
94066,102081.0,44147,15937,16621,0.3,4.8,15937,37.62539,-122.43229,4.8,2671.0,1187600.0,11.63,105,318,70,419,74,702
94080,96927.0,66592,21931,22822,0.4,4.4,21931,37.65541,-122.42083,5.0,2649.0,1111900.0,11.47,111,77,85,381,-108,432
94086,129112.0,50175,19853,20982,0.8,4.7,19853,37.37164,-122.02316,3.9,2860.0,1631700.0,12.64,79,224,19,182,140,346
94087,153036.0,58344,20448,21355,0.4,5.5,20448,37.35164,-122.03669,5.1,3127.0,,,0,139,6,381,-236,526
94102,41835.0,39432,19907,22348,7.7,6.9,19907,37.77956,-122.41931,2.0,1512.0,1039000.0,24.84,4,402,405,1,810,804
94103,57015.0,37843,17967,19927,1.2,7.0,17967,37.77299,-122.41136,2.7,1921.0,1065100.0,18.68,13,438,301,59,693,785
94109,88593.0,58501,33868,38664,2.3,8.6,33868,37.79334,-122.42138,2.9,2143.0,1364200.0,15.4,33,138,124,9,286,238
94110,123576.0,68336,27539,29790,1.2,4.4,27539,37.74975,-122.41528,4.3,2315.0,1446800.0,11.71,100,70,27,59,138,56
94112,89355.0,79314,22972,23973,0.5,2.5,22972,37.7206,-122.44311,5.1,2171.0,1144800.0,12.81,73,36,117,321,-95,401
94116,107619.0,44092,15435,16139,0.5,2.9,15435,37.74457,-122.48611,5.5,2947.0,1368100.0,12.71,75,319,54,321,127,619
94117,152071.0,38451,18050,19333,1.1,3.4,18050,37.77002,-122.44425,4.0,2715.0,1571000.0,10.33,150,421,7,74,504,352
94118,110216.0,42356,17595,19007,1.3,4.1,17595,37.7801,-122.46185,4.6,2527.0,1755100.0,15.92,30,348,47,43,382,408
94121,95036.0,43115,17926,19386,1.1,4.2,17926,37.77849,-122.49548,4.8,2152.0,1583700.0,16.66,24,334,93,74,377,477
94122,109607.0,57160,22365,23755,0.6,3.5,22365,37.76113,-122.48433,4.8,2675.0,1446400.0,13.2,63,149,50,274,-12,410
94124,56607.0,39445,11516,12171,2.8,3.4,11516,37.73204,-122.3858,4.8,1276.0,1004000.0,17.74,19,401,304,5,719,691
94134,76229.0,41695,11901,12405,0.5,2.8,11901,37.71887,-122.41124,4.8,1729.0,1027600.0,13.48,57,359,169,321,264,792
94303,103680.0,48281,13992,14719,0.7,4.2,13992,37.45064,-122.11928,5.2,2458.0,1670900.0,16.12,27,250,66,228,115,517
94403,123968.0,45057,17020,17660,0.5,3.6,17020,37.53844,-122.30454,4.6,3166.0,1681500.0,13.56,55,301,25,321,60,592
94501,89769.0,64116,25927,27773,0.4,5.2,25927,37.77525,-122.27493,4.4,2266.0,1148400.0,12.79,74,96,115,381,-96,518
94509,60821.0,69931,22510,23363,0.9,4.7,22510,37.99214,-121.8142,5.4,2011.0,516200.0,8.49,249,63,270,143,439,227
94513,103128.0,67394,21806,22299,0.7,2.5,21806,37.92541,-121.68452,6.7,2393.0,735700.0,7.13,339,74,68,228,253,31
94520,57252.0,38383,13368,13943,0.9,3.8,13368,37.99344,-122.03532,4.1,2028.0,571400.0,9.98,165,424,298,143,744,700
94521,97011.0,42885,16011,16440,0.6,4.0,16011,37.95293,-121.96971,5.9,2284.0,778300.0,8.02,277,340,83,274,426,420
94531,97104.0,45342,13047,13396,1.0,3.7,13047,37.95665,-121.77777,6.8,2800.0,624900.0,6.44,377,293,82,106,646,104
94533,67442.0,77380,25043,25945,1.0,4.0,25043,38.28132,-122.00693,5.4,1827.0,462500.0,6.86,351,41,217,106,503,13
94534,110761.0,42296,14543,15096,0.7,6.3,14543,38.24112,-122.12142,6.6,2592.0,675700.0,6.1,397,350,45,228,564,226
94536,116609.0,73172,24494,25564,0.5,5.5,24494,37.57072,-121.98555,4.8,2755.0,1160200.0,9.95,168,54,33,321,-66,240
94538,106139.0,66424,21661,22698,1.9,4.1,21661,37.50653,-121.96361,4.2,2753.0,1075100.0,10.13,160,80,56,17,279,-7
94539,170358.0,54026,16735,17379,1.3,3.8,16735,37.51635,-121.9119,6.1,3151.0,1735200.0,10.19,156,180,2,43,295,69
94541,74552.0,69736,22506,23479,0.8,3.4,22506,37.67376,-122.08707,4.4,2171.0,750000.0,10.06,161,65,178,182,222,264
94544,74896.0,79769,23671,24686,1.8,3.6,23671,37.63352,-122.05678,4.4,2239.0,736300.0,9.83,176,31,176,21,362,52
94546,91513.0,46687,16634,17225,0.5,3.4,16634,37.73441,-122.09056,5.4,2371.0,935700.0,10.22,153,266,105,321,203,539
94550,128466.0,49959,18125,18802,0.3,5.6,18125,37.51746,-121.59406,6.2,2492.0,1069200.0,8.32,258,232,20,419,91,413
94551,113305.0,40358,14303,14843,1.1,4.5,14303,37.75902,-121.76026,5.5,2463.0,898400.0,7.93,280,385,39,74,630,218
94553,96997.0,49756,19477,20121,0.6,4.1,19477,37.97999,-122.15368,5.7,2170.0,723400.0,7.46,311,234,84,274,355,281
94558,88765.0,65473,24575,27119,1.0,3.6,24575,38.50846,-122.26497,5.5,2128.0,816200.0,9.2,208,85,122,106,309,105
94560,108181.0,47533,14947,15372,0.7,3.4,14947,37.50771,-122.02523,5.1,2644.0,1034900.0,9.57,189,256,53,228,270,348
94561,93515.0,44545,13499,13954,0.7,3.6,13499,37.99311,-121.69172,6.2,2076.0,610200.0,6.53,371,311,96,228,550,264
94565,67772.0,100341,30247,31128,0.4,3.4,30247,38.00926,-121.92886,5.5,2077.0,528000.0,7.79,289,5,215,381,128,312
94566,153684.0,45055,16262,16841,0.8,4.1,16262,37.65032,-121.85881,6.2,2548.0,1452900.0,9.45,202,302,5,182,327,287
94568,140864.0,72590,23527,24427,1.1,5.1,23527,37.71596,-121.90113,5.7,3094.0,1164100.0,8.26,262,56,14,74,258,-118
94577,75121.0,48868,17315,18021,0.4,3.9,17315,37.71595,-122.16615,4.8,2073.0,788100.0,10.49,143,243,174,381,179,655
94578,58120.0,40957,14514,15053,1.1,3.1,14514,37.70675,-122.1256,4.3,1951.0,733900.0,12.63,82,376,290,74,674,658
94582,156824.0,49311,15855,16286,0.4,5.1,15855,37.76357,-121.91469,6.0,2746.0,1385200.0,8.83,232,237,4,381,92,390
94583,146696.0,38444,13581,13972,0.4,4.8,13581,37.77245,-121.99157,6.2,2799.0,1179800.0,8.04,276,422,10,381,327,537
94587,105448.0,70121,21427,21906,0.5,3.0,21427,37.59142,-122.06993,5.2,2593.0,1006600.0,9.55,190,61,59,321,-11,251
94590,49558.0,39981,15147,16146,0.9,4.8,15147,38.09546,-122.24986,4.6,1667.0,469600.0,9.48,197,391,358,143,803,695
94591,80888.0,56305,19486,20142,1.1,3.4,19486,38.12702,-122.19635,5.9,2096.0,574000.0,7.1,341,156,149,74,572,38
94601,46830.0,54166,16156,16932,1.1,2.8,16156,37.77684,-122.21822,4.3,1596.0,649100.0,13.86,49,178,375,74,528,578
94605,69087.0,44294,16096,16785,0.7,3.6,16096,37.76062,-122.14903,5.1,1740.0,823500.0,11.92,96,316,207,228,391,655
94606,53108.0,40768,15923,17003,1.6,4.3,15923,37.79179,-122.24455,3.7,1711.0,709400.0,13.36,58,381,330,25,744,678
94611,124483.0,40262,17913,19038,0.7,7.1,17913,37.83191,-122.21592,5.5,2090.0,1409200.0,11.32,115,386,24,228,297,523
94804,55903.0,45108,15280,16010,0.8,3.0,15280,37.92074,-122.34204,4.6,1760.0,591100.0,10.57,140,299,308,182,565,649
94806,59564.0,64589,20117,20840,0.5,3.3,20117,37.97811,-122.33618,4.7,2007.0,562500.0,9.44,203,87,283,321,252,488
94901,87495.0,43338,15923,16734,0.9,3.6,15923,37.98053,-122.50249,4.7,2158.0,1298400.0,14.84,38,331,129,143,355,565
94928,66621.0,47062,16847,17788,0.8,7.0,16847,38.3459,-122.6935,4.8,2132.0,620000.0,9.31,205,262,220,182,505,459
94954,90911.0,38301,14365,14910,0.7,5.7,14365,38.24624,-122.56627,5.7,2392.0,750000.0,8.25,263,427,108,228,570,500
95008,115453.0,49038,19607,20544,0.5,4.3,19607,37.27977,-121.95481,4.7,2592.0,1487400.0,12.88,70,241,35,321,25,527
95014,160801.0,62585,21461,22594,0.5,6.4,21461,37.30827,-122.07981,5.1,,,,0,107,3,321,-211,431
95020,95829.0,68090,20184,20976,1.0,3.6,20184,37.01461,-121.55718,6.1,2237.0,944000.0,9.85,175,71,91,106,231,93
95023,83305.0,56973,16987,17624,1.0,2.1,16987,36.92113,-121.36117,5.9,1819.0,691600.0,8.3,260,151,141,106,446,138
95035,125055.0,80440,24528,25250,0.5,3.6,24528,37.44319,-121.87632,5.1,2980.0,1155300.0,9.24,207,30,23,321,-61,167
95037,120864.0,53126,17600,18154,0.6,3.7,17600,37.13213,-121.67886,6.0,2243.0,1100500.0,9.11,216,192,29,274,163,279
95050,88872.0,39031,14873,15803,0.6,5.7,14873,37.3504,-121.95238,4.0,2381.0,1371700.0,15.43,32,408,121,274,287,771
95051,125520.0,61466,22797,24479,1.2,6.8,22797,37.3483,-121.98444,4.3,2963.0,1498200.0,11.94,95,116,22,59,174,102
95060,71485.0,47931,18161,20150,1.2,5.2,18161,37.01352,-122.10176,4.7,2265.0,1147700.0,16.06,29,252,191,59,413,473
95076,63979.0,84433,23472,24983,0.5,2.2,23472,36.94029,-121.75089,5.1,1805.0,702700.0,10.98,130,21,243,321,73,455
95111,69039.0,60593,16250,16567,0.5,1.9,16250,37.28401,-121.82731,5.1,1982.0,797900.0,11.56,107,121,208,321,115,543
95112,63500.0,60754,21840,23330,0.8,5.7,21840,37.34461,-121.88346,3.6,2008.0,918700.0,14.47,41,120,246,182,225,507
95116,60855.0,51222,13688,14090,0.7,1.9,13688,37.35043,-121.85255,4.3,1960.0,827900.0,13.6,54,212,269,228,307,655
95120,185800.0,38341,12701,13002,0.5,2.9,12701,37.18428,-121.83658,7.3,,1774100.0,9.55,190,426,1,321,296,558
95122,73388.0,54056,12502,12828,0.5,2.4,12502,37.32925,-121.83481,5.1,2273.0,817000.0,11.13,123,179,183,321,164,560
95123,112946.0,70040,24312,24996,0.5,3.4,24312,37.24479,-121.83306,5.2,2920.0,1076400.0,9.53,193,62,41,321,-25,231
95124,143425.0,50054,16980,17432,0.4,2.7,16980,37.25684,-121.92286,5.8,2788.0,1512400.0,10.54,142,226,13,381,0,478
95125,116708.0,54000,20714,21569,0.8,4.3,20714,37.29554,-121.89408,5.3,2354.0,1579700.0,13.54,56,181,32,182,87,339
95127,92419.0,63749,16567,17030,0.4,2.6,16567,37.37453,-121.78733,5.4,2401.0,915900.0,9.91,170,97,100,381,-14,408
95129,144333.0,41819,14479,15049,0.2,4.4,14479,37.30597,-122.00072,5.1,2728.0,1875900.0,13.0,68,358,11,434,3,735
95132,111623.0,40426,11829,12093,0.4,2.9,11829,37.41994,-121.79059,6.1,3065.0,1213200.0,10.87,132,384,44,381,179,677
95136,104909.0,45971,15863,16451,0.7,5.0,15863,37.27192,-121.85237,5.1,2655.0,1047400.0,9.98,165,281,62,228,280,406
95148,129984.0,45819,11677,11837,0.3,1.2,11677,37.33252,-121.78142,6.4,3048.0,1164700.0,8.96,222,284,18,419,105,499
95205,35544.0,40720,11072,11704,1.4,3.7,11072,37.96425,-121.25955,4.8,1263.0,270000.0,7.6,300,382,427,39,1070,548
95206,48908.0,69350,17640,18221,1.1,2.5,17640,37.8961,-121.41051,5.4,1385.0,354600.0,7.25,328,67,361,74,682,174
95207,44103.0,52465,18679,19531,1.6,3.8,18679,38.00242,-121.325,4.7,1469.0,372500.0,8.45,251,201,392,25,819,367
95209,78883.0,44660,13263,13697,1.0,3.9,13263,38.04717,-121.35121,6.3,1768.0,427700.0,5.42,423,310,160,106,787,153
95210,43587.0,41378,11991,12291,0.9,1.8,11991,38.03215,-121.29782,5.1,1385.0,310400.0,7.12,340,365,395,143,957,563
95240,46309.0,49102,16784,17565,1.1,3.7,16784,38.1177,-121.1627,4.8,1342.0,413900.0,8.94,224,239,383,74,772,472
95301,57322.0,40886,12476,12929,0.6,3.3,12476,37.30634,-120.65119,5.7,1174.0,342900.0,5.98,408,379,296,274,809,541
95307,54405.0,46346,13014,13333,0.3,2.6,13014,37.55582,-120.95385,5.5,1460.0,369300.0,6.79,357,276,319,419,533,657
95336,62362.0,47281,16014,16617,1.2,3.6,16014,37.83351,-121.1988,5.7,1691.0,476200.0,7.64,296,259,258,59,754,280
95337,80351.0,44476,13409,13870,0.7,4.3,13409,37.74171,-121.23834,6.0,1841.0,568100.0,7.07,342,312,150,228,576,348
95340,56089.0,38606,12694,13403,1.6,5.0,12694,37.34128,-120.40658,5.8,1120.0,355600.0,6.34,384,419,306,25,1084,366
95350,49832.0,55344,19998,20812,1.1,3.6,19998,37.67175,-121.00732,5.2,1386.0,367600.0,7.38,315,165,354,74,760,278
95351,40819.0,48668,13238,13715,0.6,3.2,13238,37.6236,-120.99828,5.0,1314.0,284000.0,6.96,347,246,412,274,731,585
95355,65854.0,62337,22313,22959,0.8,3.3,22313,37.6727,-120.94717,5.7,1600.0,414500.0,6.29,387,109,229,182,543,133
95376,76261.0,53781,16638,17075,0.6,2.6,16638,37.73678,-121.43404,5.7,1898.0,560000.0,7.34,323,182,168,274,399,301
95380,45901.0,42912,13930,14594,1.5,3.3,13930,37.47226,-120.86978,5.0,1261.0,366900.0,7.99,279,339,385,33,970,478
95382,69720.0,38702,13015,13507,0.8,5.4,13015,37.52831,-120.85214,5.6,1585.0,443900.0,6.37,380,414,202,182,814,418
95403,73985.0,44705,16334,17458,1.9,5.9,16334,38.50326,-122.75358,4.9,2159.0,631600.0,8.54,248,307,180,17,718,256
95404,77127.0,38034,15296,16438,1.3,4.4,15296,38.46488,-122.65709,5.2,1830.0,830700.0,10.77,136,433,166,43,692,506
95407,59971.0,42504,12665,13138,0.7,2.8,12665,38.39465,-122.74591,4.8,1756.0,585400.0,9.76,182,342,279,228,575,667
95608,61437.0,65367,26295,27383,1.0,3.9,26295,38.62611,-121.32886,5.3,1453.0,516000.0,8.4,253,86,268,106,501,207
95610,58780.0,46592,18109,18842,0.9,4.2,18109,38.69494,-121.27219,5.2,1670.0,439100.0,7.47,309,269,287,143,722,390
95616,52827.0,51003,18042,19286,0.8,4.3,18042,38.55819,-121.80044,4.7,1819.0,834200.0,15.79,31,215,332,182,396,698
95621,59693.0,42941,17193,17917,1.0,5.3,17193,38.69551,-121.30862,5.5,1628.0,375900.0,6.3,385,337,282,106,898,340
95624,91971.0,66575,20365,20810,0.7,1.9,20365,38.43203,-121.30506,6.6,1853.0,560100.0,6.09,398,79,104,228,353,13
95628,81235.0,42824,17324,17971,1.0,3.6,17324,38.65212,-121.2543,6.1,1793.0,587700.0,7.23,330,341,147,106,712,264
95630,109942.0,74787,28308,29532,0.9,6.9,28308,38.66558,-121.141,6.1,2164.0,673000.0,6.12,396,47,48,143,348,-158
95648,81267.0,54483,20630,21298,1.0,2.6,20630,38.92643,-121.31101,6.0,2026.0,603600.0,7.43,312,174,146,106,526,114
95670,64784.0,57988,22125,22790,1.0,3.0,22125,38.60461,-121.27963,5.2,1587.0,432900.0,6.68,362,143,235,106,634,122
95678,70060.0,45136,17452,18016,0.8,2.8,17452,38.76536,-121.28847,5.3,1929.0,486200.0,6.94,350,298,201,182,667,331
95687,81586.0,69837,23315,24043,0.7,4.1,23315,38.3344,-121.91765,5.7,2158.0,540800.0,6.63,367,64,144,228,347,69
95688,88053.0,39571,14161,14706,0.7,4.6,14161,38.41901,-122.02571,6.2,2022.0,638100.0,7.25,328,398,127,228,625,425
95691,73086.0,39849,14388,14831,0.6,3.5,14388,38.62394,-121.58272,5.4,1435.0,485400.0,6.64,365,393,184,274,668,486
95695,62380.0,38956,14328,14817,0.6,2.8,14328,38.68847,-121.85666,5.1,1376.0,475100.0,7.62,297,410,257,274,690,644
95747,103895.0,75019,26622,27698,1.3,5.9,26622,38.77963,-121.36798,6.3,2061.0,625400.0,6.02,406,45,65,43,473,-253
95757,101823.0,55257,15655,16120,1.2,2.4,15655,38.33886,-121.43643,6.6,2395.0,616200.0,6.05,405,169,71,59,586,-106
95758,79885.0,64517,21671,22160,0.5,3.3,21671,38.42932,-121.44603,6.1,2063.0,503100.0,6.3,385,88,154,321,306,178
95762,132470.0,47354,16601,17098,0.8,4.4,16601,38.67694,-121.05755,7.2,2364.0,822200.0,6.21,391,258,17,182,484,66
95765,106554.0,43120,14649,15082,0.9,4.3,14649,38.81982,-121.27772,6.2,2186.0,659900.0,6.19,393,333,55,143,638,138
95821,42290.0,39310,15653,16293,1.3,3.7,15653,38.62541,-121.38479,4.5,1283.0,428700.0,10.14,159,406,401,43,923,691
95822,54552.0,45215,16239,16864,0.8,2.9,16239,38.51273,-121.49556,5.3,1505.0,401100.0,7.35,321,295,317,182,751,473
95823,44981.0,81212,24252,25157,0.9,3.9,24252,38.47473,-121.44266,5.0,1429.0,340600.0,7.57,304,29,389,143,579,257
95826,62527.0,39902,15984,16636,0.6,4.8,15984,38.54554,-121.37885,5.1,1622.0,408100.0,6.53,371,392,255,274,744,550
95828,51229.0,63116,18732,19128,0.8,1.7,18732,38.48943,-121.39598,5.4,1602.0,356200.0,6.95,349,104,343,182,614,280
95831,75632.0,43099,18644,19466,0.8,5.4,18644,38.49599,-121.52948,5.5,1762.0,575200.0,7.61,299,335,171,182,623,389
95833,60455.0,40195,14864,15420,1.2,3.4,14864,38.61529,-121.51558,4.9,1736.0,402100.0,6.65,364,388,273,59,966,356
95835,96743.0,41399,14295,14763,0.9,3.4,14295,38.67088,-121.52464,6.0,2082.0,531900.0,5.5,420,364,88,143,729,175
95838,44849.0,41340,11682,12110,1.6,2.8,11682,38.64708,-121.44312,5.2,1462.0,322500.0,7.19,333,366,390,25,1064,448
95843,78102.0,48234,14793,15045,0.5,2.5,14793,38.71532,-121.36366,5.9,1936.0,432300.0,5.54,419,251,161,321,510,314
95926,45782.0,41259,16706,17759,1.0,4.1,16706,39.74573,-121.84396,4.9,1367.0,433500.0,9.47,199,369,386,106,848,662
95928,47599.0,38378,16121,17392,0.8,6.3,16121,39.68317,-121.83528,5.0,1346.0,451600.0,9.49,196,425,369,182,808,780
95973,64517.0,39609,15865,16478,1.3,2.6,15865,39.88099,-121.8516,5.2,1394.0,464400.0,7.2,331,397,236,43,921,345
95991,47871.0,43345,14668,15380,1.1,3.6,14668,39.02205,-121.61317,5.2,1262.0,350000.0,7.31,326,330,367,74,949,445
95993,67384.0,37783,12232,12605,0.8,2.4,12232,39.08171,-121.68798,6.2,1427.0,408500.0,6.06,402,439,218,182,877,437
96003,51512.0,45185,18661,19960,1.5,5.2,18661,40.66664,-122.31564,5.2,1356.0,343300.0,6.66,363,296,341,33,967,307
